Maffaz,0xF88b361E05a504D9ef34FFeE0E6A5137eba219ca
Ruud,0x89888EA8Fd4aeA19e814332e322d236D7b0a4114
gyan,0x5385a2418f894d35873Fd408B70C5D6828870066
Ismael,0x14b734F87Bf9291Ff66042630428dEFb23d352c3
Randy,0x670e0bdcb1AEc0D4f7cf54AbCFE9b555390B8881
crypticnick,0x0c4dD2e695F2341F808cd0a24b945e541d0F4120
C-OPS,0xc1e1d697BCe6F609E1054b5FD82dcb5BfB06F2Be
D Z,0x38c6a85b030f06153ceda773462e3813d3c0e150
Man,0x4Abc8f71f1Cbfe7176F6C7832bB0c043Ec712C08
Mendokusai,0x808e480d7F14990a31ED54A013ab4f422D94D7a9
ivan,0xCE2F9bBF1741322df2fDE16E04c7f0a5c1bd0Fa0
ivan,0x6fEe3945E54A1C0A35ce35EAD1De3009331AC4F8
ivan,0x8100EAfB01bAB71d5f0256ac0EA192420c2ed785
Sin79,0x3013999a39d108E08193058054eac9db213A85bE
Djani,0x5a5c2F0f6c72411a939b3585315e16fD5B772C58
Rob,0xA88eaC755Cd263997a85bA7fA164CfAED19Be484
Nick Stefanov,0x329fDf2C386986AFCe9C1F29ba438aeC81F45F85
waid,0x96CC362F00C840290cB37DfECEF927378d6bD07F
MIke,0xa3dC07499Ec6df6d0eAa036f804d87B0560E1c12
J,0x59D0Fedd82fBe01b04B92AFC8900d56C24d0fAd1
Evil B,0x579f594D48D2f8b3AF4c10A28864F7527dead431
Gnarwal7,0xD688042d90EBCF5e65D9e30a63e5455159cA6070
Aperaham Lincoln,0xa510715fF581B78865d7c5B31C76F001aE3604A2
Floyd ,0xe47c36C3175Fd1f8E24346D859eCE1C6EdE79651
Hodlthisbag,0x0c491F60D3175018F2af9E3216bc69BCeE5c343d
Srikanth Holur,0x21F72e6095F619323eD8c74dBcDD4D8bdeF6e5D6
Frank,0x32BE2C4477334e426d75CECb00E14Cc4f30E7Db8
FuckShit,0x36f6f619F8FB0213db9b3B79dc00F8569d548194
HarmonyDragon,0xc1e1d697BCe6F609E1054b5FD82dcb5BfB06F2Be
Remke Tournant,0x8a60Ef7dBC119bdb5Bb72b1DdC651bE47B495B58
Korgoth,0x870aDbe49228393cC7F6c0c9F57eBC329cF258EF
Edwin,0x49bD12C4BcFcC075cDFE630EEB632510e5F842c0
coach kent,0xA8c096D1395E24D51644Ea92c84bcDcd3a0f9fdE
m Koel,0x4b5275800Fdd58F5132FC5301fc375D32274623c
Romi,0x24dA2270f876B0940EFf220Be43234fcbc375020
Ferenc,0xc3B762C3375d5Bd15466d1707721F01f6548EA8e
Sven,0xd75f7ffE8862A832F918Dc29cba4E6e7e0e0F863
zeeuwtje,0x31A3015aa7F2C8AD046cc2E829CA0133eD7140F5
Dickydick,0xDdC3811BC1A39773776cE9FC603832356Ec03E0D